﻿<?xml version="1.0" encoding="utf-8"?>
<UserList>
  <User>
    <id>0</id>
    <nome>Mateus Abilio Gomes Leal</nome>
    <email>mateuzim22@hotmail.com</email>
    <senha>mateusbotanelas77</senha>
    <cpf>78987906789</cpf>
    <ativo>true</ativo>
  </User>
  <User>
    <id>1</id>
    <nome>jhonatan luiz chagas</nome>
    <email>jho@gmail.com</email>
    <senha>12345</senha>
    <cpf>41432342342</cpf>
    <ativo>true</ativo>
  </User>
  <User>
    <id>2</id>
    <nome>Luisa Ribeiro Couto</nome>
    <email>carlos.nascimento@gmail.com</email>
    <senha>lulululove34</senha>
    <cpf>14251465220</cpf>
    <ativo>true</ativo>
  </User>
  <User>
    <id>3</id>
    <nome>Luisa Ribeiro Couto</nome>
    <email>carlos.nascimento@gmail.com</email>
    <senha>lulululove34</senha>
    <cpf>14251465220</cpf>
    <ativo>true</ativo>
  </User>
  <User>
    <id>4</id>
    <nome>Vitoria Narciso</nome>
    <email>mexicana@gmail.com</email>
    <senha>minhacachorralate</senha>
    <cpf>25896374178</cpf>
    <ativo>true</ativo>
  </User>
  <User>
    <id>5</id>
    <nome>admin</nome>
    <email>admin</email>
    <senha>admin</senha>
    <cpf>12345</cpf>
    <ativo>true</ativo>
  </User>
  <User>
    <id>6</id>
    <nome>raphael</nome>
    <email>raphaelacacio84@gmail.com</email>
    <senha>000000</senha>
    <cpf>1393264646</cpf>
    <ativo>true</ativo>
  </User>
  <User>
    <id>7</id>
    <nome>uu</nome>
    <email>uu</email>
    <senha>11</senha>
    <cpf>11</cpf>
    <ativo>true</ativo>
  </User>
  <User>
    <id>8</id>
    <nome>Gui</nome>
    <email>gui@gmail.com</email>
    <senha>fatec</senha>
    <cpf>4338686386338</cpf>
    <ativo>true</ativo>
  </User>
  <User>
    <id>9</id>
    <nome>jho</nome>
    <email>jho</email>
    <senha>123</senha>
    <cpf>123</cpf>
    <ativo>true</ativo>
  </User>
  <User>
    <id>10</id>
    <nome>Pedro Lindo</nome>
    <email>pedromuzy@hotmail.com</email>
    <senha>pedro1234</senha>
    <cpf>42750892864</cpf>
    <ativo>true</ativo>
  </User>
</UserList>